Orden categoría,Código,Producto,Categoría principal,Subcategoría,Naturaleza,Revisión manual,Observación,Cantidad,UM,Base imponible,Impuesto,Total,Fila origen
1,60001724,"EUK AD CHKN+RIC+VEG 13,2OZ/375G",Alimento balanceado y nutrición,Alimento húmedo,Producto,No,,3,Lata,23100.00,0.00,23100.00,93
1,,FHN Ageing +11 Pouch x 85 Gr,Alimento balanceado y nutrición,Alimento húmedo,Producto,No,,26,Pouch,95400.00,0.00,95400.00,122
1,3398812,GI Feline Wet Pouch x 85 Gr,Alimento balanceado y nutrición,Alimento húmedo,Producto,No,,8,Pouch,32150.00,0.00,32150.00,143
1,3394102,Instictive 7+ Pouch 85 Gr,Alimento balanceado y nutrición,Alimento húmedo,Producto,No,,5,Pouch,17940.00,0.00,17940.00,153
1,3393102,Instinctive Pouch x 85 Gr,Alimento balanceado y nutrición,Alimento húmedo,Producto,No,,16,Pouch,60180.00,0.00,60180.00,154
1,3396102,Intense Beauty Pouch x 85 Gr,Alimento balanceado y nutrición,Alimento húmedo,Producto,No,,6,Pouch,21540.00,0.00,21540.00,155
1,25-04-08-02,KATZE ADULTO WET SALMON Y POLLO X 340 GRAMOS,Alimento balanceado y nutrición,Alimento húmedo,Producto,No,,3,Lata,25024.00,0.00,25024.00,158
1,3401102,Kitten Pouch x 85 Gr,Alimento balanceado y nutrición,Alimento húmedo,Producto,No,,2,Pouch,6720.00,0.00,6720.00,160
1,DG01P,MEDIUM ADULT Pouch 140 Gr,Alimento balanceado y nutrición,Alimento húmedo,Producto,No,,7,Pouch,24340.00,0.00,24340.00,172
1,DF10W,Mini Adult Wet Poch x 85 Gr,Alimento balanceado y nutrición,Alimento húmedo,Producto,No,,11,Pouch,26200.00,0.00,26200.00,185
1,DF87V,Mini AGEING 12+ x 85 Gr,Alimento balanceado y nutrición,Alimento húmedo,Producto,No,,4,Pouch,9360.00,0.00,9360.00,187
1,2438102,MINI PUPPY Wet Poch x 85 Gr,Alimento balanceado y nutrición,Alimento húmedo,Producto,No,,5,Pouch,11960.00,0.00,11960.00,190
1,3400204,Mother & Babycat Lata x 195 Gr,Alimento balanceado y nutrición,Alimento húmedo,Producto,No,,11,Pouch,77715.00,0.00,77715.00,197
1,12570869,PEDIGRE POUCH RAZAS PEQUEÑAS CARNE X 100,Alimento balanceado y nutrición,Alimento húmedo,Producto,No,,1,,1600.00,0.00,1600.00,233
1,12570868,PEDIGREE POUCH CACHORRO SABOR CARNE X 85,Alimento balanceado y nutrición,Alimento húmedo,Producto,No,,1,,1600.00,0.00,1600.00,238
1,1102,PEDIGREE POUCH Sabor Carne 12 UND,Alimento balanceado y nutrición,Alimento húmedo,Producto,No,,1,100 Gr,1440.00,0.00,1440.00,236
1,1103,PEDIGREE POUCH Sabor Pollo 12 UND,Alimento balanceado y nutrición,Alimento húmedo,Producto,No,,4,100 Gr,5920.00,0.00,5920.00,237
1,3404102,POODLE Pouch X 85 Gr,Alimento balanceado y nutrición,Alimento húmedo,Producto,No,,3,Pouch,8680.00,0.00,8680.00,256
1,25-04-08-03,POUCH KATZE ADULTO WET SALMON Y POLLO X 100 GRAMOS,Alimento balanceado y nutrición,Alimento húmedo,Producto,No,,3,Pouch,11200.00,0.00,11200.00,259
1,1517102,SENSORY SMELL x 85 Gr,Alimento balanceado y nutrición,Alimento húmedo,Producto,No,,4,Pouch,14040.00,0.00,14040.00,290
1,25-04-02-02,SIEGER PERRO ADULTO WET SALMON Y POLLO X 340 GRAMOS,Alimento balanceado y nutrición,Alimento húmedo,Producto,No,,3,Lata,27600.00,0.00,27600.00,292
1,12570870,WHISKA SABOR PAVO 12 UND,Alimento balanceado y nutrición,Alimento húmedo,Producto,No,,1,,1450.00,0.00,1450.00,325
1,1152,WHISKAS POUCH Sabor Carne 12 UND,Alimento balanceado y nutrición,Alimento húmedo,Producto,No,,6,100 Gr,9120.00,0.00,9120.00,327
1,1153,WHISKAS POUCH Sabor Pollo 12 UND,Alimento balanceado y nutrición,Alimento húmedo,Producto,No,,3,100 Gr,4480.00,0.00,4480.00,328
1,1151,WHISKAS POUCH Sabor Salmon 12 UND,Alimento balanceado y nutrición,Alimento húmedo,Producto,No,,1,100 Gr,1600.00,0.00,1600.00,329
1,PWH01,WHISKAS POUCH Sabor Sardina 12 UND,Alimento balanceado y nutrición,Alimento húmedo,Producto,No,,5,100 Gr,7360.00,0.00,7360.00,330
1,106,First CONGELADO Perro Adulto X 3Kg,Alimento balanceado y nutrición,Alimento natural o congelado,Producto,No,,1,und,42000.00,0.00,42000.00,124
1,207,First CONGELADO Perro PUPPY X1Kg,Alimento balanceado y nutrición,Alimento natural o congelado,Producto,No,,1,und,18000.00,0.00,18000.00,125
1,21704,Balanced Gato Adulto x 2 kg,Alimento balanceado y nutrición,Alimento seco / balanceado,Producto,No,,1,2 Kg,20400.00,0.00,20400.00,23
1,21707,Balanced Gato Ctrl. Peso/Cstrdo. x 2 kg,Alimento balanceado y nutrición,Alimento seco / balanceado,Producto,No,,1,2 Kg,23550.00,0.00,23550.00,24
1,11724,Balanced Perro Adulto Raza Mediana x 3 kg,Alimento balanceado y nutrición,Alimento seco / balanceado,Producto,No,,1,3 Kg,16750.00,0.00,16750.00,25
1,3846030,Bulldog Francés Adulto 3 Kg,Alimento balanceado y nutrición,Alimento seco / balanceado,Producto,No,,2,Bolsa,80990.00,0.00,80990.00,42
1,12508669S,CAT CHOW ADULTOS SABOR PESCADO Y POLLO 1 Kg SUELTO,Alimento balanceado y nutrición,Alimento seco / balanceado,Producto,No,,8,Bolsa,44175.00,0.00,44175.00,48
1,4224200S,Club Performance Adulto 1 Kg SUELTO,Alimento balanceado y nutrición,Alimento seco / balanceado,Producto,No,,6,Bolsa,36470.00,0.00,36470.00,54
1,4273075S,Club Performance Cat 1 Kg SUELTO,Alimento balanceado y nutrición,Alimento seco / balanceado,Producto,No,,6,Bolsa,59890.00,0.00,59890.00,55
1,4273015,"Club Performance Cat 1,5Kg",Alimento balanceado y nutrición,Alimento seco / balanceado,Producto,No,,1,Bolsa,20200.00,0.00,20200.00,56
1,4273075SS,Club Performance Cat 500 Gr SUELTO,Alimento balanceado y nutrición,Alimento seco / balanceado,Producto,No,,2,Bolsa,10100.00,0.00,10100.00,57
1,4274015,"Club Performance Kitten 1,5Kg",Alimento balanceado y nutrición,Alimento seco / balanceado,Producto,No,,1,Bolsa,21375.00,0.00,21375.00,58
1,3743030,Dachshund 3Kg,Alimento balanceado y nutrición,Alimento seco / balanceado,Producto,No,,1,Bolsa,41830.00,0.00,41830.00,75
1,7022150S,EUK Adult Medium Breed 1 Kg SUELTO,Alimento balanceado y nutrición,Alimento seco / balanceado,Producto,No,,3,Bolsa,17460.00,0.00,17460.00,95
1,7022150,EUK Adult Medium Breed 15 Kg,Alimento balanceado y nutrición,Alimento seco / balanceado,Producto,No,,1,Bolsa,84735.00,0.00,84735.00,96
1,7122030,EUK Adult Medium Breed 3 Kg,Alimento balanceado y nutrición,Alimento seco / balanceado,Producto,No,,3,Bolsa,73012.50,0.00,73012.50,94
1,7021150S,EUK Adult Small Breed 1 Kg SUELTO,Alimento balanceado y nutrición,Alimento seco / balanceado,Producto,No,,4,Bolsa,28000.00,0.00,28000.00,97
1,7021150,EUK Adult Small Breed 15Kg,Alimento balanceado y nutrición,Alimento seco / balanceado,Producto,No,,1,Bolsa,0.00,0.00,0.00,98
1,7021150SS,EUK Adult Small Breed 500 Gr SUELTO,Alimento balanceado y nutrición,Alimento seco / balanceado,Producto,No,,9,Bolsa,29150.00,0.00,29150.00,99
1,7222030,EUK ADULTO LAMB 3 Kg,Alimento balanceado y nutrición,Alimento seco / balanceado,Producto,No,,4,Bolsa,94334.00,0.00,94334.00,100
1,7341030,EUK FIT BODY SMALL BREED 3 Kg,Alimento balanceado y nutrición,Alimento seco / balanceado,Producto,No,,2,Bolsa,56620.00,0.00,56620.00,101
1,50010149,"EUK Gato Adulto Top Condition 1,5 Kg",Alimento balanceado y nutrición,Alimento seco / balanceado,Producto,No,,2,Bolsa,35080.00,0.00,35080.00,102
1,50010213,"EUK Gato Adulto Top Condition 7,5 Kg",Alimento balanceado y nutrición,Alimento seco / balanceado,Producto,No,,1,Bolsa,71984.00,0.00,71984.00,103
1,50010143,Euk Kitten Healthy Start 1 Kg,Alimento balanceado y nutrición,Alimento seco / balanceado,Producto,No,,1,Bolsa,13500.00,0.00,13500.00,104
1,7312030,EUK PUPPY LAMB 3Kg,Alimento balanceado y nutrición,Alimento seco / balanceado,Producto,No,,1,Bolsa,24120.00,0.00,24120.00,105
1,7033030,EUK Senior Large Breed 3 Kg,Alimento balanceado y nutrición,Alimento seco / balanceado,Producto,No,,1,Bolsa,0.00,0.00,0.00,106
1,7131030,EUK Senior Small Breed 3 Kg,Alimento balanceado y nutrición,Alimento seco / balanceado,Producto,No,,1,Bolsa,26850.00,0.00,26850.00,107
1,12570707,EXCELLENT ADULT CAT con Pollo y Arroz 1 Kg,Alimento balanceado y nutrición,Alimento seco / balanceado,Producto,No,,1,1 Kg,10530.00,0.00,10530.00,109
1,12393466S,EXCELLENT ADULT CAT con Pollo y Arroz 1 Kg SUELTO,Alimento balanceado y nutrición,Alimento seco / balanceado,Producto,No,,25,Bolsa,213180.00,0.00,213180.00,110
1,12393466SS,EXCELLENT ADULT CAT con Pollo y Arroz 500 Gr SUELTO,Alimento balanceado y nutrición,Alimento seco / balanceado,Producto,No,,18,Bolsa,78042.50,0.00,78042.50,111
1,12570698,"EXCELLENT ADULT CAT con Pollo y Arroz 7,5 Kg",Alimento balanceado y nutrición,Alimento seco / balanceado,Producto,No,,1,"7,5 Kg",69000.00,0.00,69000.00,112
1,12395527S,EXCELLENT ADULT DOG Razas Medianas y Grandes 1 Kg SUELTO,Alimento balanceado y nutrición,Alimento seco / balanceado,Producto,No,,6,Bolsa,30000.00,0.00,30000.00,113
1,,EXCELLENT ADULT STERILIZED CHICKEN 1 KG,Alimento balanceado y nutrición,Alimento seco / balanceado,Producto,No,,2,1 KG,25130.00,0.00,25130.00,114
1,3603150S,Fit 1 Kg SUELTO,Alimento balanceado y nutrición,Alimento seco / balanceado,Producto,No,,6,Bolsa,85588.50,0.00,85588.50,126
1,3603015,"Fit 1,5 Kg",Alimento balanceado y nutrición,Alimento seco / balanceado,Producto,No,,1,Bolsa,32600.00,0.00,32600.00,127
1,3603150SS,Fit 500 Gr SUELTO,Alimento balanceado y nutrición,Alimento seco / balanceado,Producto,No,,15,Bolsa,105928.50,0.00,105928.50,128
1,2721120S,Gatos Castrados-Weight Control 1 Kg SUELTO,Alimento balanceado y nutrición,Alimento seco / balanceado,Producto,No,,1,Bolsa,16550.00,0.00,16550.00,140
1,2721015,"Gatos Castrados-Weight Control 1,5 Kg",Alimento balanceado y nutrición,Alimento seco / balanceado,Producto,No,,2,Bolsa,66405.00,0.00,66405.00,141
1,2721120SS,Gatos Castrados-Weight Control 500 Gr Kg SUELTO,Alimento balanceado y nutrición,Alimento seco / balanceado,Producto,No,,18,Bolsa,139815.00,0.00,139815.00,142
1,3613015,Indoor,Alimento balanceado y nutrición,Alimento seco / balanceado,Producto,No,,3,Bolsa,99657.00,0.00,99657.00,151
1,3623015,"Indoor longhair 1,5 Kg",Alimento balanceado y nutrición,Alimento seco / balanceado,Producto,No,,1,"1,5 Kg",20790.00,0.00,20790.00,152
1,2522015,"Kitten 1,5Kg",Alimento balanceado y nutrición,Alimento seco / balanceado,Producto,No,,3,Bolsa,105412.50,0.00,105412.50,159
1,2631030,Medium Adult 3Kg,Alimento balanceado y nutrición,Alimento seco / balanceado,Producto,No,,2,Bolsa,77692.00,0.00,77692.00,170
1,60011237,Medium Adult 7+ 3 Kg,Alimento balanceado y nutrición,Alimento seco / balanceado,Producto,No,,2,Bolsa,82121.50,0.00,82121.50,171
1,3003030,Medium Puppy 3Kg,Alimento balanceado y nutrición,Alimento seco / balanceado,Producto,No,,1,Bolsa,39836.00,0.00,39836.00,174
1,60011243,Mini Adult 1 Kg,Alimento balanceado y nutrición,Alimento seco / balanceado,Producto,No,,1,Bolsa,14085.00,0.00,14085.00,180
1,2461075S,Mini Adult 1 Kg SUELTO,Alimento balanceado y nutrición,Alimento seco / balanceado,Producto,No,,6,Bolsa,61407.50,0.00,61407.50,181
1,60011245,Mini Adult 3 Kg,Alimento balanceado y nutrición,Alimento seco / balanceado,Producto,No,,1,Bolsa,44150.00,0.00,44150.00,182
1,2461075SS,Mini Adult 500 Gr SUELTO,Alimento balanceado y nutrición,Alimento seco / balanceado,Producto,No,,5,Bolsa,24685.00,0.00,24685.00,183
1,2462010,Mini Adult 8+ 1Kg,Alimento balanceado y nutrición,Alimento seco / balanceado,Producto,No,,1,Bolsa,15364.00,0.00,15364.00,184
1,2466030,Mini Ageing 12+ 3Kg,Alimento balanceado y nutrición,Alimento seco / balanceado,Producto,No,,1,Bolsa,37975.50,0.00,37975.50,186
1,3000010,Mini Puppy 1 Kg,Alimento balanceado y nutrición,Alimento seco / balanceado,Producto,No,,6,Bolsa,86997.50,0.00,86997.50,188
1,3000030,Mini Puppy 3 Kg,Alimento balanceado y nutrición,Alimento seco / balanceado,Producto,No,,1,Bolsa,41490.00,0.00,41490.00,189
1,2.11.66,Old Prince Novel Cordero y Arroz Adulto Small 3 Kg,Alimento balanceado y nutrición,Alimento seco / balanceado,Producto,No,,8,3 Kg,148802.50,0.00,148802.50,209
1,2.11.71,Old Prince Novel Cordero y Arroz Adultos Medium & Large 15 Kg,Alimento balanceado y nutrición,Alimento seco / balanceado,Producto,No,,2,15 Kg,143884.48,0.00,143884.48,210
1,2.11.70,Old Prince Novel Cordero y Arroz Adultos Medium & Large 3 Kg,Alimento balanceado y nutrición,Alimento seco / balanceado,Producto,No,,2,3 Kg,33739.20,0.00,33739.20,211
1,2.11.146,Old Prince Novel Cordero y Arroz Adultos Senior 15 Kg,Alimento balanceado y nutrición,Alimento seco / balanceado,Producto,No,,1,15 Kg,76680.00,0.00,76680.00,212
1,2.12.52S,Old Prince Premium Gato Adulto 1 Kg SUELTO,Alimento balanceado y nutrición,Alimento seco / balanceado,Producto,No,,6,Bolsa,27720.00,0.00,27720.00,213
1,2.12.52SS,Old Prince Premium Gato Adulto 500Gr SUELTO,Alimento balanceado y nutrición,Alimento seco / balanceado,Producto,No,,2,Bolsa,5000.00,0.00,5000.00,214
1,2.12.52,"Old Prince Premium Gato Adulto 7,5 Kg",Alimento balanceado y nutrición,Alimento seco / balanceado,Producto,No,,1,"7,5 Kg",32175.00,0.00,32175.00,215
1,ARP150S,PEDIGREE Adulto Razas Pequeñas Etapa 2 X 1 Kg SUELTO,Alimento balanceado y nutrición,Alimento seco / balanceado,Producto,No,,1,Bolsa,3900.00,0.00,3900.00,234
1,ARP150SS,PEDIGREE Adulto Razas Pequeñas Etapa 2 X 500 Gr SUELTO,Alimento balanceado y nutrición,Alimento seco / balanceado,Producto,No,,2,Bolsa,2950.00,0.00,2950.00,235
1,3841010,Poodle 1 Kg,Alimento balanceado y nutrición,Alimento seco / balanceado,Producto,No,,5,Bolsa,74868.00,0.00,74868.00,255
1,12450068,PRO PLAN ADULT CAT 3 Kg,Alimento balanceado y nutrición,Alimento seco / balanceado,Producto,No,,1,3 Kg,53150.00,0.00,53150.00,269
1,12453303S,PRO PLAN ADULT DOG RAZA PEQUEÑA 1 Kg SUELTO,Alimento balanceado y nutrición,Alimento seco / balanceado,Producto,No,,7,Bolsa,54400.00,0.00,54400.00,270
1,12453303SS,PRO PLAN ADULT DOG RAZA PEQUEÑA 500 Gr SUELTO,Alimento balanceado y nutrición,Alimento seco / balanceado,Producto,No,,2,Bolsa,7600.00,0.00,7600.00,271
1,,WHISKAS ADULTO CARNE 1 KG,Alimento balanceado y nutrición,Alimento seco / balanceado,Producto,No,,2,,9600.00,0.00,9600.00,326
1,3840030,Yorkshire Terrier Adulto 3 Kg,Alimento balanceado y nutrición,Alimento seco / balanceado,Producto,No,,1,Bolsa,48050.00,0.00,48050.00,331
1,25-01-16-02,AGILITY CAT DIEGEST CONFORT X 340 GRAMOS,Alimento balanceado y nutrición,Dieta veterinaria,Producto,No,,1,Lata,5250.00,0.00,5250.00,8
1,2007020,Diabetic Canine 2 Kg,Alimento balanceado y nutrición,Dieta veterinaria,Producto,No,,1,Bolsa,35236.00,0.00,35236.00,82
1,2106115,"Diabetic Feline 1,5 Kg",Alimento balanceado y nutrición,Dieta veterinaria,Producto,No,,1,Bolsa,35275.00,0.00,35275.00,83
1,3391102,DIGEST SENSITIVE Pouch x 85 Gr,Alimento balanceado y nutrición,Dieta veterinaria,Producto,No,,2,Pouch,6480.00,0.00,6480.00,84
1,12396589S,EXCELLENT URINARY CAT con Pollo y Arroz 1 Kg SUELTO,Alimento balanceado y nutrición,Dieta veterinaria,Producto,No,,3,Bolsa,30484.00,0.00,30484.00,115
1,12396589SS,EXCELLENT URINARY CAT con Pollo y Arroz 500 Gr SUELTO,Alimento balanceado y nutrición,Dieta veterinaria,Producto,No,,1,Bolsa,5100.00,0.00,5100.00,116
1,4007020,FIBRE RESPONSE FELINE 2 KG,Alimento balanceado y nutrición,Dieta veterinaria,Producto,No,,1,Bolsa,45100.00,0.00,45100.00,123
1,3396024,G-I Canine Low Fat Lata x 200 Gr,Alimento balanceado y nutrición,Dieta veterinaria,Producto,No,,2,Pouch,13140.00,0.00,13140.00,136
1,3957020,G-I Canine Puppy 2 Kg,Alimento balanceado y nutrición,Dieta veterinaria,Producto,No,,1,Bolsa,29600.00,0.00,29600.00,137
1,3911020,Gastrointestinal Canine 2 Kg,Alimento balanceado y nutrición,Dieta veterinaria,Producto,No,,2,Bolsa,65500.00,0.00,65500.00,138
1,3905020,Gastrointestinal Feline 2Kg,Alimento balanceado y nutrición,Dieta veterinaria,Producto,No,,1,Bolsa,48550.00,0.00,48550.00,139
1,3927015,"Hepatic Canine 1,5 Kg",Alimento balanceado y nutrición,Dieta veterinaria,Producto,No,,1,Bolsa,23465.00,0.00,23465.00,147
1,3952020,Hypoallergenic Canine SD 2 Kg,Alimento balanceado y nutrición,Dieta veterinaria,Producto,No,,1,Bolsa,34650.00,0.00,34650.00,150
1,3399102,Light Weight Care Pouch 85 Gr,Alimento balanceado y nutrición,Dieta veterinaria,Producto,No,,1,Pouch,3400.00,0.00,3400.00,164
1,4624030,Medium Dermacomfor 3 Kg,Alimento balanceado y nutrición,Dieta veterinaria,Producto,No,,1,Bolsa,41906.00,0.00,41906.00,173
1,4623100,Medium Weight Care 10 Kg,Alimento balanceado y nutrición,Dieta veterinaria,Producto,No,,1,Bolsa,110925.00,0.00,110925.00,175
1,4453030,Mini Weight Care Canine 3 Kg,Alimento balanceado y nutrición,Dieta veterinaria,Producto,No,,1,Bolsa,49750.00,0.00,49750.00,191
1,25-04-12-03,POUCH Sieger RECOVERY x 100 gr. EO,Alimento balanceado y nutrición,Dieta veterinaria,Producto,No,,2,Pouch,7312.50,0.00,7312.50,260
1,4111012,Relax Care Pouch x 85 Gr,Alimento balanceado y nutrición,Dieta veterinaria,Producto,No,,1,Pouch,3650.00,0.00,3650.00,276
1,3400102,Renal feline Pouch 85 Gr,Alimento balanceado y nutrición,Dieta veterinaria,Producto,No,,3,Pouch,12105.00,0.00,12105.00,277
1,3916015,"Renal Support Canine 1,5 Kg",Alimento balanceado y nutrición,Dieta veterinaria,Producto,No,,1,Bolsa,22550.00,0.00,22550.00,278
1,2073015,"Satiety Canine 1,5 Kg",Alimento balanceado y nutrición,Dieta veterinaria,Producto,No,,1,Bolsa,0.00,0.00,0.00,288
1,2126015,"Satiety Support Feline 1,5 Kg",Alimento balanceado y nutrición,Dieta veterinaria,Producto,No,,3,Bolsa,95317.50,0.00,95317.50,289
1,25-04-12-02,SIEGER RECOVERY X 340 GRAMOS,Alimento balanceado y nutrición,Dieta veterinaria,Producto,No,,4,Lata,36855.00,0.00,36855.00,293
1,03-19-01-26,"SIEGER ULTRA Osteoarticular x 1,5 kg",Alimento balanceado y nutrición,Dieta veterinaria,Producto,No,,4,Bolsa,90000.00,0.00,90000.00,294
1,1800015,"Urinary Care 1,5Kg",Alimento balanceado y nutrición,Dieta veterinaria,Producto,No,,1,Bolsa,31725.00,0.00,31725.00,314
1,2210004,Urinary S/O HD 400 Gr,Alimento balanceado y nutrición,Dieta veterinaria,Producto,No,,1,Bolsa,12700.00,0.00,12700.00,315
1,330,Bocaditos Finos 20 x 100 Gr(Carne/Pollo/Chocolate),Alimento balanceado y nutrición,Snacks y premios,Producto,No,,8,100 Gr,31200.00,0.00,31200.00,39
1,60015031,EUK TRAINING TREATS 100g,Alimento balanceado y nutrición,Snacks y premios,Producto,No,,2,Bolsa,9467.50,0.00,9467.50,108
1,12530197,Femur,Alimento balanceado y nutrición,Snacks y premios,Producto,No,,3,,7500.00,0.00,7500.00,119
1,S01002,Grilled Beef Flavored Churrasquitos Grillé 75 gr,Alimento balanceado y nutrición,Snacks y premios,Producto,No,,8,und,24800.00,0.00,24800.00,144
1,S02002,Grilled Chicken Flavored Pollo Grillé 75 gr,Alimento balanceado y nutrición,Snacks y premios,Producto,No,,10,und,28520.00,0.00,28520.00,145
1,12530198,Higado,Alimento balanceado y nutrición,Snacks y premios,Producto,No,,1,,5000.00,0.00,5000.00,149
1,S06012,Meat Stick Chicken 150 g,Alimento balanceado y nutrición,Snacks y premios,Producto,No,,3,und,16350.00,0.00,16350.00,168
1,S05012,Meat Stick Lamb 150 g,Alimento balanceado y nutrición,Snacks y premios,Producto,No,,5,und,27250.00,0.00,27250.00,169
1,,Mon ami snack chicken 50 grs,Alimento balanceado y nutrición,Snacks y premios,Producto,No,,2,,5800.00,0.00,5800.00,193
1,9501132017232,MORDISQUITO HIGADO DE POLLO 60 GRAMOS,Alimento balanceado y nutrición,Snacks y premios,Producto,No,,3,,15000.00,0.00,15000.00,194
1,,MORDISQUITO PECHUGA X 60 GAMOS,Alimento balanceado y nutrición,Snacks y premios,Producto,No,,1,,6600.00,0.00,6600.00,195
1,9501132017234,MORDISQUITOS COGOTE DE POLLO X 60 GRAMOS,Alimento balanceado y nutrición,Snacks y premios,Producto,No,,3,,13500.00,0.00,13500.00,196
1,12530196,Orejas De Cochino,Alimento balanceado y nutrición,Snacks y premios,Producto,No,,33,,53515.00,0.00,53515.00,216
1,,ROLL DE CARNE X 3 UNIDADES,Alimento balanceado y nutrición,Snacks y premios,Producto,No,,1,,5220.00,0.00,5220.00,282
2,,CIPROVET L.A. FCO. X 5 ML,Medicina veterinaria,Antibióticos y antimicrobianos,Producto,No,,1,5 ml,30100.00,0.00,30100.00,51
2,,ENROFLOXACINA LAMAR 50 MG X 120C,Medicina veterinaria,Antibióticos y antimicrobianos,Producto,No,,1,120 comp,4350.00,0.00,4350.00,92
2,,RUMICLAMOX 250 MG,Medicina veterinaria,Antibióticos y antimicrobianos,Producto,No,,10,100comp,111000.00,0.00,111000.00,287
2,,SULFATRIM X 100 COMP,Medicina veterinaria,Antibióticos y antimicrobianos,Producto,No,,3,Blister,15345.00,0.00,15345.00,301
2,,APRAX RAZA MEDIANA X 60 COMP HOSPIT,Medicina veterinaria,Antiparasitarios,Producto,No,,6,60 comp,53100.00,0.00,53100.00,19
2,,APRAX SUSPENSION X 20 ML.,Medicina veterinaria,Antiparasitarios,Producto,No,,3,20 ml,34050.00,0.00,34050.00,20
2,2272,BRAVECTO 10 A 20 Kg,Medicina veterinaria,Antiparasitarios,Producto,No,,2,Caja,112362.00,0.00,112362.00,41
2,,ECTHOL GMP GATOS H/5 KG.,Medicina veterinaria,Antiparasitarios,Producto,No,,12,und,66757.50,0.00,66757.50,85
2,,ECTHOL GMP GATOS MAS DE 5 KG.,Medicina veterinaria,Antiparasitarios,Producto,No,,10,und,62000.00,0.00,62000.00,86
2,2241,ECTHOL X 70 ML,Medicina veterinaria,Antiparasitarios,Producto,No,,1,70 ml,11800.00,0.00,11800.00,87
2,,ECTHOLANER 02 A 04 KG X 1 COMP. 270 MG,Medicina veterinaria,Antiparasitarios,Producto,No,,1,Caja,23985.00,0.00,23985.00,88
2,,ECTHOLANER 04 A 10 KG X 1 COMP. 600 MG,Medicina veterinaria,Antiparasitarios,Producto,No,,5,Caja,131130.00,0.00,131130.00,89
2,,ECTHOLANER 20 A 40 KG X 2 COMP. 1200 MG,Medicina veterinaria,Antiparasitarios,Producto,No,,1,Caja,41400.00,0.00,41400.00,90
2,,FELINE FULLSPOT DE 2 A 5 KG,Medicina veterinaria,Antiparasitarios,Producto,No,,1,und,23130.00,0.00,23130.00,117
2,,FELINE FULLSPOT MAS DE 5 KG,Medicina veterinaria,Antiparasitarios,Producto,No,,1,und,27800.00,0.00,27800.00,118
2,,FRONTLINE PLUS GATO X 1 P.,Medicina veterinaria,Antiparasitarios,Producto,No,,3,und,44080.00,0.00,44080.00,131
2,,FRONTLINE PLUS MED. X 1 P de 10 a 20 kg,Medicina veterinaria,Antiparasitarios,Producto,No,,1,und,17450.00,0.00,17450.00,132
2,12570894,FRONTLINE SPOT ON CH X 1,Medicina veterinaria,Antiparasitarios,Producto,No,,2,,17000.00,0.00,17000.00,3
2,,FRONTLINE SPOT ON GATO X 1 P.,Medicina veterinaria,Antiparasitarios,Producto,No,,3,und,27436.50,0.00,27436.50,133
2,5247,La Pipeta Osspret Gatos 1 a 4 Kg,Medicina veterinaria,Antiparasitarios,Producto,No,,1,Cja,4350.00,0.00,4350.00,162
2,4929,La Pipeta Osspret Perros 2 a 10 Kg,Medicina veterinaria,Antiparasitarios,Producto,No,,1,Cja,4500.00,0.00,4500.00,163
2,,MELTRA SPOT ON FELINOS DE 2 A 4 KG.,Medicina veterinaria,Antiparasitarios,Producto,No,,1,4 kg,10800.00,0.00,10800.00,179
2,,MOXIDEX PLUS X 15 COMP.,Medicina veterinaria,Antiparasitarios,Producto,No,,2,15 comp,19300.00,0.00,19300.00,198
2,445,NEXGARD 10 A 25 Kg,Medicina veterinaria,Antiparasitarios,Producto,No,,2,und,61700.00,0.00,61700.00,199
2,566,NEXGARD 2 A 4 Kg,Medicina veterinaria,Antiparasitarios,Producto,No,,1,und,23100.00,0.00,23100.00,200
2,544,NEXGARD 5 A 10 Kg,Medicina veterinaria,Antiparasitarios,Producto,No,,3,und,75750.00,0.00,75750.00,201
2,,NEXGARD COMBO GATO 2.6-7.5 KG L,Medicina veterinaria,Antiparasitarios,Producto,No,,3,und,84535.00,0.00,84535.00,202
2,2202,PIPETAS 2 A 4Kg POWER ULTRA,Medicina veterinaria,Antiparasitarios,Producto,No,,1,und,5115.00,0.00,5115.00,253
2,2203,PIPETAS DE 5 A 10 POWER ULTRA,Medicina veterinaria,Antiparasitarios,Producto,No,,4,und,23870.00,0.00,23870.00,254
2,,POWER COMP. GATO/PERRO 10 A 20 KG X 1C,Medicina veterinaria,Antiparasitarios,Producto,No,,2,und,30020.00,0.00,30020.00,261
2,,POWER COMP. GATO/PERRO 2.5 A 5 KG X 1C,Medicina veterinaria,Antiparasitarios,Producto,No,,1,und,12800.00,0.00,12800.00,262
2,,POWER COMP. GATO/PERRO 5 A 10 KG X 1C,Medicina veterinaria,Antiparasitarios,Producto,No,,5,und,58650.00,0.00,58650.00,263
2,2291,POWER GOLD DE 04 A 10 KG 12SEM,Medicina veterinaria,Antiparasitarios,Producto,No,,1,und,25380.00,0.00,25380.00,264
2,2298,SIMPARICA 20 MG 5 A 10 Kg,Medicina veterinaria,Antiparasitarios,Producto,No,,4,und,78995.00,0.00,78995.00,295
2,,"SPECTRA NEXGARD H07,5 KG.(S)",Medicina veterinaria,Antiparasitarios,Producto,No,,2,und,54136.50,0.00,54136.50,297
2,,SPECTRA NEXGARD H30 KG.(L),Medicina veterinaria,Antiparasitarios,Producto,No,,1,und,44000.00,0.00,44000.00,298
2,,SPECTRA NEXGARD H60 KG.(XL),Medicina veterinaria,Antiparasitarios,Producto,No,,1,und,45012.00,0.00,45012.00,299
2,,TOTAL FULL CACHORROS X 15 ML.,Medicina veterinaria,Antiparasitarios,Producto,No,,1,15 ml,11150.00,0.00,11150.00,306
2,,TOTAL FULL CG PERROS Y GATOS X 15 ML.,Medicina veterinaria,Antiparasitarios,Producto,No,,1,15 ml,13905.00,0.00,13905.00,307
2,,TOTAL FULL LC GATOS X 2 COMP. PALAT,Medicina veterinaria,Antiparasitarios,Producto,No,,5,1 cja,31347.00,0.00,31347.00,308
2,,TOTAL FULL LC H/10 KG. X 2 COMP. PALAT,Medicina veterinaria,Antiparasitarios,Producto,No,,1,1 cja,5208.00,0.00,5208.00,309
2,,AMLODIPINA CAT X 20 COMP,Medicina veterinaria,Cardiología,Producto,No,,1,,11316.00,0.00,11316.00,12
2,,CARDIAL B 10MG. PALAT X 20 COMP.,Medicina veterinaria,Cardiología,Producto,No,,1,und,39500.00,0.00,39500.00,46
2,9501132017147,CARDIONAFIL KUALCOS 25 MG X 10 CS,Medicina veterinaria,Cardiología,Producto,No,,8,,33975.00,0.00,33975.00,2
2,,CARDIOTENOL KUALCOS 6.25 MG X 20 CS,Medicina veterinaria,Cardiología,Producto,No,,4,caja,28057.50,0.00,28057.50,47
2,,FUROSEMIDA J'ANVIER X 200 comprimidos,Medicina veterinaria,Cardiología,Producto,No,,3,200 cpm,17400.00,0.00,17400.00,135
2,,PIMODEN JµNVIER 10 MG X 100 COMP.,Medicina veterinaria,Cardiología,Producto,No,,1,10 mg,10355.00,0.00,10355.00,251
2,,PIMODEN JµNVIER 2.5 MG X 100 COMP,Medicina veterinaria,Cardiología,Producto,No,,1,und,6000.00,0.00,6000.00,252
2,,APOQUEL 16 MG X 20 COMP,Medicina veterinaria,Dermatología,Producto,No,,1,1 cja,46620.00,0.00,46620.00,17
2,,APOQUEL 5.4 MG X 20 COMP.,Medicina veterinaria,Dermatología,Producto,No,,2,,74100.00,0.00,74100.00,18
2,,CREMA 6A POMO X 15 GR.,Medicina veterinaria,Dermatología,Producto,No,,1,15 gr,15700.00,0.00,15700.00,73
2,,DERM CAPS POMO X 30 GR.,Medicina veterinaria,Dermatología,Producto,No,,1,30 gr,21650.00,0.00,21650.00,76
2,,OCLADERM 5.4 MG X 20 COMP,Medicina veterinaria,Dermatología,Producto,No,,1,21 Comp,30420.00,0.00,30420.00,204
2,,PYO DERM PLUS 1000 MG X 40 COMP. (10BL),Medicina veterinaria,Dermatología,Producto,No,,3,40 comp,19050.00,0.00,19050.00,273
2,,PYO DERM PLUS 125 MG. X 180COMP.,Medicina veterinaria,Dermatología,Producto,No,,1,180 comp,6400.00,0.00,6400.00,274
2,,PYO DERM PLUS 500 MG. X 100 COMP.,Medicina veterinaria,Dermatología,Producto,No,,2,100 comp,15400.00,0.00,15400.00,275
2,,KUALCOHEPAT 20KG X 100 COMP. (10BL),Medicina veterinaria,"Digestivo, hepático y urinario",Producto,No,,2,,14960.00,0.00,14960.00,161
2,,NOGASTROL HOSPITALARIO X 50 COMP,Medicina veterinaria,"Digestivo, hepático y urinario",Producto,No,,3,Blister,34574.00,0.00,34574.00,203
2,,PANTOVIER 10 MG X 100 COMP. HOSPITALARIO,Medicina veterinaria,"Digestivo, hepático y urinario",Producto,No,,3,Blister,29295.00,0.00,29295.00,224
2,,PROTELIV GOTAS X 15 ML,Medicina veterinaria,"Digestivo, hepático y urinario",Producto,No,,1,15 ml,15100.00,0.00,15100.00,272
2,,SUCRAVET SUSP. X 100 ML,Medicina veterinaria,"Digestivo, hepático y urinario",Producto,No,,4,und,64195.00,0.00,64195.00,300
2,,UROVIER X 60 COMP,Medicina veterinaria,"Digestivo, hepático y urinario",Producto,No,,1,Blister,8600.00,0.00,8600.00,316
2,,URSOMARINA 10 KG X 50 COMP,Medicina veterinaria,"Digestivo, hepático y urinario",Producto,No,,2,Blister,35700.00,0.00,35700.00,317
2,,ALGEN 60 MG. X 120 COMP,Medicina veterinaria,Dolor e inflamación,Producto,No,,1,Blister,7150.00,0.00,7150.00,9
2,,DEXAMETASONA LAMAR 0.5 MG X 100 COMP,Medicina veterinaria,Dolor e inflamación,Producto,No,,4,UND,11000.00,0.00,11000.00,81
2,,MELOXICAM DERMOVET 0.5 MG X 10 COMP,Medicina veterinaria,Dolor e inflamación,Producto,No,,1,,6800.00,0.00,6800.00,176
2,9501132017176,MELOXICAM JENNER 2MG X 100 COMP,Medicina veterinaria,Dolor e inflamación,Producto,No,,5,,32500.00,0.00,32500.00,177
2,,MELOXIVET GOTAS X 10 ML,Medicina veterinaria,Dolor e inflamación,Producto,No,,1,10 ml,23900.00,0.00,23900.00,178
2,,Prednisol gotas 10 mg,Medicina veterinaria,Dolor e inflamación,Producto,No,,1,gotas,21185.00,0.00,21185.00,265
2,,PREDNISOLONA PYO 20 MG X 100 COMP.,Medicina veterinaria,Dolor e inflamación,Producto,No,,2,100 comp,10300.00,0.00,10300.00,266
2,,TRAMAVIER 80 MG. X 120 COMP,Medicina veterinaria,Dolor e inflamación,Producto,No,,2,Blister,12967.50,0.00,12967.50,310
2,,T4 X 100 COMP,Medicina veterinaria,Endocrinología,Producto,No,,2,Blister,14535.00,0.00,14535.00,303
2,,Tubos,Medicina veterinaria,Insumos clínicos,Producto,Sí,Descripción insuficiente: confirmar tipo de tubo y uso.,3,,16414.00,0.00,16414.00,312
2,,COLLAR ISAB BLANCO NIKAN N 2,Medicina veterinaria,Insumos y recuperación,Producto,No,,2,und,11800.00,0.00,11800.00,60
2,,COLLAR ISAB BLANCO NIKAN N 3,Medicina veterinaria,Insumos y recuperación,Producto,No,,1,und,7350.00,0.00,7350.00,61
2,,COLLAR ISAB BLANCO NIKAN N 4,Medicina veterinaria,Insumos y recuperación,Producto,No,,1,und,9550.00,0.00,9550.00,62
2,,COLLAR ISAB NIKAN N 0,Medicina veterinaria,Insumos y recuperación,Producto,No,,1,und,3850.00,0.00,3850.00,63
2,,MALLAS POSQUIRURGICA ELASTIKAN TALLA 1,Medicina veterinaria,Insumos y recuperación,Producto,No,,1,UND,11000.00,0.00,11000.00,165
2,,MALLAS POSQUIRURGICA ELASTIKAN TALLA 2,Medicina veterinaria,Insumos y recuperación,Producto,No,,1,UND,13000.00,0.00,13000.00,166
2,,MALLAS POSQUIRURGICAS ELASTIKAN TALLA 3,Medicina veterinaria,Insumos y recuperación,Producto,No,,1,UND,15000.00,0.00,15000.00,167
2,,ACEDAN GOTAS X 10 ML,Medicina veterinaria,Neurología y comportamiento,Producto,No,,1,10 ml,6700.00,0.00,6700.00,7
2,,FENOBARBITAL P-100 X 30 C PALAT.,Medicina veterinaria,Neurología y comportamiento,Producto,No,,3,30 comp,28597.50,0.00,28597.50,120
2,,FENOBARBITAL P-G 40 MG. X 30 COMP.,Medicina veterinaria,Neurología y comportamiento,Producto,No,,3,30 comp,13113.00,0.00,13113.00,121
2,,OHM HOME PERROS COMPRIMIDOSX 21,Medicina veterinaria,Neurología y comportamiento,Producto,No,,1,21 Comp,19710.00,0.00,19710.00,206
2,,OHM JERINGA X 7G (PASTA P/GATOS),Medicina veterinaria,Neurología y comportamiento,Producto,No,,1,7 gr,17250.00,0.00,17250.00,207
2,50010219,SERENEX SPRAY CANINO 25 ML,Medicina veterinaria,Neurología y comportamiento,Producto,No,,1,,20200.00,0.00,20200.00,4
2,50010218,SERENEX SPRAY FELINO 25 ML,Medicina veterinaria,Neurología y comportamiento,Producto,No,,1,,20480.00,0.00,20480.00,5
2,,Ocuflox Colirio Gotas x 5 ML,Medicina veterinaria,Oftalmología,Producto,No,,1,5 ml,23130.00,0.00,23130.00,205
2,,SOFTAL COLIRIO GOT. X 10 ML,Medicina veterinaria,Oftalmología,Producto,No,,1,10 ml,9405.00,0.00,9405.00,296
2,,ARTRIN (PALATABLE) X 30 COMP.,Medicina veterinaria,Suplementos articulares,Producto,No,,5,30 comp,34425.00,0.00,34425.00,21
2,,ARTROFLEX X( 28 COMP) X BLISTER,Medicina veterinaria,Suplementos articulares,Producto,No,,1,BLISTER,77200.00,0.00,77200.00,22
2,,OL TRANS FLEX HOSPITALARIO X 70 CS,Medicina veterinaria,Suplementos articulares,Producto,No,,1,Blister,61400.00,0.00,61400.00,208
3,1062,BANDEJA CHICA,Accesorios,Accesorios sanitarios,Producto,No,,1,,4900.00,0.00,4900.00,26
3,,BANDEJA SANITARIA MEDIUM,Accesorios,Accesorios sanitarios,Producto,No,,2,,7800.00,0.00,7800.00,27
3,1063,BANDEJA SANITARIA MEDIUM,Accesorios,Accesorios sanitarios,Producto,No,,1,,3650.00,0.00,3650.00,28
3,GA5060,PALITA SANITARIA PROFUNDA PLASTICA,Accesorios,Accesorios sanitarios,Producto,No,,3,,8990.00,0.00,8990.00,223
3,SYT129,BOWL ACERO CUADRADO SMALL,Accesorios,Comederos y bebederos,Producto,No,,1,und,13050.00,0.00,13050.00,40
3,2060,Alicate Corta Uña Mini,Accesorios,Cuidado y grooming,Producto,No,,1,und,3920.00,0.00,3920.00,10
3,SD176,ALICATE GUILLOTINA,Accesorios,Cuidado y grooming,Producto,No,,1,und,8450.00,0.00,8450.00,11
3,MT003,CEPILLO A PAVOR COMUN,Accesorios,Cuidado y grooming,Producto,No,,1,und,11700.00,0.00,11700.00,49
3,SD047,FURMI PET BRUSH S/S,Accesorios,Cuidado y grooming,Producto,No,,1,,23000.00,0.00,23000.00,134
3,52,"Cama NORDICA tamaño ""L",Accesorios,Descanso,Producto,No,,2,und,190650.00,0.00,190650.00,43
3,50,"Cama NORDICA tamaño ""S""",Accesorios,Descanso,Producto,No,,3,und,138155.00,0.00,138155.00,44
3,COL01,Colchoneta Antidesgarro Talla 3 (M),Accesorios,Descanso,Producto,No,,1,und,44900.00,0.00,44900.00,59
3,5655,MOICES X 3 SAN ROQUE,Accesorios,Descanso,Producto,Sí,Se interpretó 'MOICES' como 'moisés/cama'; validar el nombre original.,1,,39000.00,0.00,39000.00,192
3,12570876,ANTEOJOS PARA MASCOTA,Accesorios,Indumentaria,Producto,No,,1,,6000.00,0.00,6000.00,13
3,150 L,CAMISA L,Accesorios,Indumentaria,Producto,No,,1,und,18350.00,0.00,18350.00,45
3,,ROPA 14456-10 M-L-XL-XXL ROPMPI,Accesorios,Indumentaria,Producto,No,,1,und,9550.00,0.00,9550.00,283
3,,ROPA Y-14996-15 S-M-L-XL ROPMPI,Accesorios,Indumentaria,Producto,No,,1,und,11600.00,0.00,11600.00,284
3,2142,JUGUETE BLISTER GATO,Accesorios,Juguetes,Producto,No,,1,,2700.00,0.00,2700.00,156
3,2031,JUGUETE PARA GATO BLISTER - RATA/PELOTA,Accesorios,Juguetes,Producto,No,,1,,2430.00,0.00,2430.00,157
3,COOL09,PELOTA CON PLUMAS CAJA EXHIBIDORA X16,Accesorios,Juguetes,Producto,No,,1,und,4000.00,0.00,4000.00,239
3,SYT118,PELUCHE PATO,Accesorios,Juguetes,Producto,No,,1,und,25000.00,0.00,25000.00,240
3,MID04,TIRADOR MOÑO,Accesorios,Juguetes,Producto,No,,1,und,10250.00,0.00,10250.00,304
3,COOL11,TORTUGA A CUERDA,Accesorios,Juguetes,Producto,No,,1,und,10200.00,0.00,10200.00,305
3,SD201,TUNEL PARA GATO 4 SALIDAS,Accesorios,Juguetes,Producto,No,,1,und,18180.00,0.00,18180.00,313
3,SYM025,VARITA MOTIVO BEBIDA,Accesorios,Juguetes,Producto,No,,1,und,9495.00,0.00,9495.00,323
3,SYM080,CORREA CON MANGO DE GOMA,Accesorios,Paseo,Producto,No,,2,UND,24450.00,0.00,24450.00,66
3,JY1008,Pechera con correa L,Accesorios,Paseo,Producto,No,,1,,14800.00,0.00,14800.00,231
3,PPDS,Pechera PET DOG S de 60cm a 75cm,Accesorios,Paseo,Producto,No,,1,,18600.00,0.00,18600.00,232
3,SD141,PORTABOLSA REDONDO,Accesorios,Paseo,Producto,No,,1,und,11100.00,0.00,11100.00,258
3,18,Pretal 30 mm,Accesorios,Paseo,Producto,No,,1,und,7400.00,0.00,7400.00,267
3,9501132017197,PRETAL ALUMA TALLA 1 Y 2,Accesorios,Paseo,Producto,No,,1,,12350.00,0.00,12350.00,268
3,SD145,REPUESTO BOLSA X 3 PCS (PACK X 24 UNIDADES),Accesorios,Paseo,Producto,No,,4,und,10000.00,0.00,10000.00,279
3,70312,Repuesto bolsitas para caca x 3,Accesorios,Paseo,Producto,No,,3,,7350.00,0.00,7350.00,280
4,,PAÑAL PAÑOS PET GRANDE 3 KG,Higiene y cuidado,Absorbentes y limpieza,Producto,No,,1,,4050.00,0.00,4050.00,225
4,,PAÑAL PAÑOS PET MEDIANO 2 KG,Higiene y cuidado,Absorbentes y limpieza,Producto,No,,1,,3645.00,0.00,3645.00,226
4,PPAMAX,PAÑOPET ALFOMBRA SANITARIA MAX 60X90 X10U,Higiene y cuidado,Absorbentes y limpieza,Producto,No,,2,,0.00,0.00,0.00,227
4,PPAMIN,PAÑOPET ALFOMBRA SANITARIA MINI 45X55 X10U,Higiene y cuidado,Absorbentes y limpieza,Producto,No,,6,,67275.00,0.00,67275.00,228
4,9501132017158,PAÑOS PET WASH PET 6 UNIDADES,Higiene y cuidado,Absorbentes y limpieza,Producto,No,,1,,7000.00,0.00,7000.00,229
4,9501132017157,PAÑOS TOALLAS HUMEDAS PH NEUTRO 30 UNIDADES,Higiene y cuidado,Absorbentes y limpieza,Producto,No,,2,,11600.00,0.00,11600.00,230
4,9501132017227,BENTONITA DE GATO REAL 5 KG,Higiene y cuidado,Arena y sustrato sanitario,Producto,No,,8,,48980.00,0.00,48980.00,37
4,PSA014,PIEDRA ABSORSOL BABY 6X 2 Kg,Higiene y cuidado,Arena y sustrato sanitario,Producto,No,,2,2 Kg,7900.00,0.00,7900.00,241
4,PSA019,PIEDRA ABSORSOL PERFUMADA LAVANDA 6X 3.6 Kg,Higiene y cuidado,Arena y sustrato sanitario,Producto,No,,6,"3,6 Kg",40740.00,0.00,40740.00,242
4,PSA020,PIEDRA ABSORSOL PERFUMADA LIMON 6X 3.6 Kg,Higiene y cuidado,Arena y sustrato sanitario,Producto,No,,5,"3,6 Kg",35000.00,0.00,35000.00,243
4,PSA022,PIEDRA ABSORSOL PERFUMADA VAINILLA 6X 3.6 Kg,Higiene y cuidado,Arena y sustrato sanitario,Producto,No,,4,"3,6 Kg",28000.00,0.00,28000.00,244
4,PSA017,PIEDRA ABSORSOL PREMIUM 6X 2 Kg,Higiene y cuidado,Arena y sustrato sanitario,Producto,No,,12,2 Kg,37280.00,0.00,37280.00,245
4,PSA018,"PIEDRA ABSORSOL PREMIUM 6X 3,6 Kg",Higiene y cuidado,Arena y sustrato sanitario,Producto,No,,17,"3,6 Kg",85935.00,0.00,85935.00,246
4,9501132017205,PIEDRA GATO REAL 20 KG,Higiene y cuidado,Arena y sustrato sanitario,Producto,No,,1,,15000.00,0.00,15000.00,247
4,12570900,PIEDRA GATO REAL 2KG,Higiene y cuidado,Arena y sustrato sanitario,Producto,No,,1,,2500.00,0.00,2500.00,248
4,,PIEDRA SANITARIA GATTOS CLASICA 4 KG,Higiene y cuidado,Arena y sustrato sanitario,Producto,No,,1,4 KG,7200.00,0.00,7200.00,249
4,,PIEDRA SANITARIA GATTOS QUALITY 4 KG,Higiene y cuidado,Arena y sustrato sanitario,Producto,No,,1,4 KG,9000.00,0.00,9000.00,250
4,,POOPY PETS X 15 KG,Higiene y cuidado,Arena y sustrato sanitario,Producto,No,,1,15 Kg,15675.00,0.00,15675.00,257
4,PSR03,"RUBICAT CLASSIC LAVANDA X 5,3KG",Higiene y cuidado,Arena y sustrato sanitario,Producto,No,,1,"5,3 Kg",9900.00,0.00,9900.00,285
4,PSR02,"RUBICAT CLASSIC X 5,3KG",Higiene y cuidado,Arena y sustrato sanitario,Producto,No,,1,"5,3 Kg",10900.00,0.00,10900.00,286
4,9501132017228,SILICA CAT WAY LAVANDA 1.8 KG,Higiene y cuidado,Arena y sustrato sanitario,Producto,No,,1,,16000.00,0.00,16000.00,6
4,,BIO CLIN 250 ML,Higiene y cuidado,Baño y cuidado de piel/pelo,Producto,Sí,El nombre comercial no describe el uso; se infirió cuidado e higiene por la presentación.,1,250 gr,9855.00,0.00,9855.00,38
4,9501132017199,CREMA DE ORDEÑE NORT C/ALOE X 250 GR,Higiene y cuidado,Baño y cuidado de piel/pelo,Producto,No,,1,,12300.00,0.00,12300.00,74
4,,DERMAPET FRAGANCE PUPPIES X 125 ML,Higiene y cuidado,Baño y cuidado de piel/pelo,Producto,No,,1,125 ml,17100.00,0.00,17100.00,77
4,50010215,DERMASTUDIO ECTOCARE NATURAL X 250 ML,Higiene y cuidado,Baño y cuidado de piel/pelo,Producto,No,,1,,15200.00,0.00,15200.00,78
4,9501132017202,DERMOSEDAN DIG DE CLORHEX 4% SOL X 200ML,Higiene y cuidado,Baño y cuidado de piel/pelo,Producto,No,,1,,15500.00,0.00,15500.00,79
4,,DERMOSEDAN SH. ALOE+AVENA X 200 GR.,Higiene y cuidado,Baño y cuidado de piel/pelo,Producto,No,,1,200 gr,12160.00,0.00,12160.00,80
4,,FORMULA MC DONALD GEL SHAMPOO X 200 ML,Higiene y cuidado,Baño y cuidado de piel/pelo,Producto,No,,1,200 ml,25155.00,0.00,25155.00,129
4,12570836,FRAGANCIA MASKOTA FREE NATUR 50ML,Higiene y cuidado,Baño y cuidado de piel/pelo,Producto,No,,1,,6100.00,0.00,6100.00,130
4,3019,OSS PRO COLOR 250 ML,Higiene y cuidado,Baño y cuidado de piel/pelo,Producto,No,,1,,19800.00,0.00,19800.00,218
4,9501132017170,OSS. SH. MEDICADO X 250 ML,Higiene y cuidado,Baño y cuidado de piel/pelo,Producto,No,,2,,19008.00,0.00,19008.00,219
4,,OSS. SH. PULGUICIDA Y GARRAP. X 250 ML,Higiene y cuidado,Baño y cuidado de piel/pelo,Producto,No,,2,250 ML,20800.00,0.00,20800.00,220
4,,OSSPRET GROOMERS SH. BELLEZA EXPERT X250 ML,Higiene y cuidado,Baño y cuidado de piel/pelo,Producto,No,,1,250 ML,9360.00,0.00,9360.00,221
4,,OSSPRET SHAMPU DOUBLE X 250 ML,Higiene y cuidado,Baño y cuidado de piel/pelo,Producto,No,,1,250 ML,9360.00,0.00,9360.00,222
4,,CLORHEX BIO CLIN GEL ANTIPLACA X 20 M,Higiene y cuidado,Cuidado dental,Producto,No,,2,Cja,36800.00,0.00,36800.00,53
4,SD180,SET DE CEPILLO DE DIENTES,Higiene y cuidado,Cuidado dental,Producto,No,,1,und,9550.00,0.00,9550.00,291
4,SD142,RODILLO SACAPELUSAS X 6 U CAJA EXHIBIDORA,Higiene y cuidado,Limpieza y cuidado cotidiano,Producto,No,,1,und,5600.00,0.00,5600.00,281
4,,VASO LIMPIA PATA 15X10CM DM-018,Higiene y cuidado,Limpieza y cuidado cotidiano,Producto,No,,1,und,7350.00,0.00,7350.00,324
5,,Consulta Veterinaria,Consulta veterinaria,Consulta y control,Servicio,No,,15,und,527000.00,0.00,527000.00,64
5,,control veterinario,Consulta veterinaria,Consulta y control,Servicio,No,,4,,66000.00,0.00,66000.00,65
5,,CHEQUEO GENERAL COMPLETO MAS PLAQUETA,Consulta veterinaria,Diagnóstico y laboratorio,Servicio,No,,3,und,84000.00,0.00,84000.00,50
5,,CITOLOGIA,Consulta veterinaria,Diagnóstico y laboratorio,Servicio,No,,1,und,22000.00,0.00,22000.00,52
5,,EHRLICHIA + ANAPLASMA+BABESIA + HEPATOZOON,Consulta veterinaria,Diagnóstico y laboratorio,Servicio,No,,1,UND,85000.00,0.00,85000.00,91
5,,HEMOGRAMA COMPLETO,Consulta veterinaria,Diagnóstico y laboratorio,Servicio,No,,1,,18000.00,0.00,18000.00,146
5,,ORINA COMPLETA,Consulta veterinaria,Diagnóstico y laboratorio,Servicio,No,,2,und,22200.00,0.00,22200.00,217
5,,T4 LIBRE,Consulta veterinaria,Diagnóstico y laboratorio,Servicio,No,,1,UND,37000.00,0.00,37000.00,302
5,,TSH,Consulta veterinaria,Diagnóstico y laboratorio,Servicio,No,,1,UND,62000.00,0.00,62000.00,311
5,,Vacuna Antirrabica Perros y Gatos,Consulta veterinaria,Vacunación,Servicio,No,,2,und,55000.00,0.00,55000.00,318
5,,Vacuna Quintuple,Consulta veterinaria,Vacunación,Servicio,No,,5,und,153500.00,0.00,153500.00,319
5,,Vacuna Septuple Perros,Consulta veterinaria,Vacunación,Servicio,No,,4,und,138200.00,0.00,138200.00,320
5,,Vacuna Tos de la Perrera,Consulta veterinaria,Vacunación,Servicio,No,,1,und,35000.00,0.00,35000.00,321
5,,Vacuna Virbac Feligen,Consulta veterinaria,Vacunación,Servicio,No,,3,und,102100.00,0.00,102100.00,322
6,,Baños Perros CHICO 5 Kg - 10 Kg,Peluquería canina,Baño,Servicio,No,,3,,75000.00,0.00,75000.00,29
6,,Baños Perros GRANDE 30 Kg - 40 Kg,Peluquería canina,Baño,Servicio,No,,5,,158400.00,0.00,158400.00,30
6,,Baños Perros MEDIANO 10 Kg - 20 Kg,Peluquería canina,Baño,Servicio,No,,8,,203840.00,0.00,203840.00,31
6,,Baños Perros MEDIANO Plus 20 Kg - 30 Kg,Peluquería canina,Baño,Servicio,No,,6,,171970.00,0.00,171970.00,32
6,,Baños Perros PL CHICO 5 Kg - 10 Kg,Peluquería canina,Baño,Servicio,No,,13,,334000.00,0.00,334000.00,33
6,,Baños Perros PL Gigantes + De 40 Kg,Peluquería canina,Baño,Servicio,No,,1,,50000.00,0.00,50000.00,34
6,,Baños Perros PL MEDIANO 10 Kg - 20 Kg,Peluquería canina,Baño,Servicio,No,,14,,446950.00,0.00,446950.00,35
6,,Baños Perros PL MEDIANO Plus 20 Kg - 30 Kg,Peluquería canina,Baño,Servicio,No,,2,,76000.00,0.00,76000.00,36
6,,Corte y Baño Perros CHICO 5 Kg - 10 Kg,Peluquería canina,Corte y baño,Servicio,No,,20,,746320.00,0.00,746320.00,68
6,,Corte y Baño Perros GRANDES 30 Kg - 40 Kg,Peluquería canina,Corte y baño,Servicio,No,,1,,48000.00,0.00,48000.00,69
6,,Corte y Baño Perros MEDIANO 10 Kg - 20 Kg,Peluquería canina,Corte y baño,Servicio,No,,3,,126000.00,0.00,126000.00,70
6,,Corte y Baño Perros MEDIANO Plus 20 Kg - 30 Kg,Peluquería canina,Corte y baño,Servicio,No,,2,,85050.00,0.00,85050.00,71
6,,Corte y Baño Perros MINI 0 Kg - 5 Kg,Peluquería canina,Corte y baño,Servicio,No,,1,,33000.00,0.00,33000.00,72
6,,Corte de Uñas,Peluquería canina,Servicios complementarios,Servicio,No,,1,,8000.00,0.00,8000.00,67
6,,HIDRATACION DE PATITAS,Peluquería canina,Servicios complementarios,Servicio,No,,2,,5000.00,0.00,5000.00,148
6,,Aplicación Perros Chicos,Peluquería canina,Tratamientos complementarios,Servicio,Sí,El concepto no indica qué producto o tratamiento se aplica; validar con el cliente.,9,und,79000.00,0.00,79000.00,14
6,,Aplicación Perros Grandes,Peluquería canina,Tratamientos complementarios,Servicio,Sí,El concepto no indica qué producto o tratamiento se aplica; validar con el cliente.,6,und,61425.00,0.00,61425.00,15
6,,Aplicación Perros Medianos,Peluquería canina,Tratamientos complementarios,Servicio,Sí,El concepto no indica qué producto o tratamiento se aplica; validar con el cliente.,1,und,12000.00,0.00,12000.00,16
